ITEM DESCRIPTION,LABELS
BEANCURD TAU KUA (2PCS),"tofu | tofu, firm | tofu, plain | tofu, soy bean curd"
TURBOBLEACH 5L (401),Bleach
Sing Ghee Tau Kwa,"tofu | tofu, firm | tofu, plain | tofu, soy bean curd"
[ CHILL ] Kimchi,"white cabbage| white cabbage, raw | cabbage | chilli"
Scissor,Office Stationary | Stationary
[Hey-Chill] Pao 50g,burger buns
GFP  Karana Masak Merah,"plant protein patty, baked and fried"
GFP Karana Buah Keluak,"plant protein patty, baked and fried"
GFP Sambazon Acai,acai berry
GFP Beyond Mala,"black pepper, ground | black pepper, powder | chilli | dry peppers, pimento or chilli"
GFP Tindle Katsu,"plant protein patty, baked and fried | curry powder | curry sauce, prepacked"
GFP Fable Rendang,"plant protein patty, baked and fried | coconut"
GFP Teriyaki Fable Chix,"plant protein patty, baked and fried | soy sauce, glass bottle | soy sauce, prepacked"
kizami Takuwan,"radish | radish, pickled"
YAKI NORI FULL A+,"seaweed, agar, raw"
SAKURA DENBU,"cod (f) | whitefish, raw"
Kimchi,"white cabbage| white cabbage, raw | cabbage | chilli"
TP JRT SCOTT A2 2PLY 200MM X 16,"seaweed, agar, raw"
Kizami Ippon (Shredded Takuan),"radish | radish, pickled"
Alchemy Fiber Rise (R500c),"basmati rice, raw | brown rice flour, consumer package | rice | wild rice, raw"
Shicimi Tongarashi,"seaweed, agar, raw | chilli | sesame seed | sesame seed, grilled, husked | white sesame seeds, toasted"
FURIKAKE Okaka,"seaweed, agar, raw | sesame seed | sesame seed, grilled, husked | white sesame seeds, toasted | cane sugar | table salt"
Kani Fumi,"crab claws, meat, raw | crab, boiled"
kizami nori,"seaweed, agar, raw"
[KNORR] HAO CHI ALL-IN-ONE SEASONING,cane sugar | table salt | corn flour | dry onion | garlic
Multi Purpose Cleaner: ECO-CLEAN ELITE 257,Multipurpose cleaner
GFP  Karana Jackfruit Meatballs,"plant protein patty, baked and fried"
Goji Berries,other berries
[Kitchen Use: Blue Cloth] WYPALL *X80 BLUE WIPER,Wypall *X Wiper
[Kitchen Use: Thrash Bag Large (36 x 48)] 030 Black Thrash Bag,Trash Bag
[Kitchen Use: Thrash Bag Medium (30 x 40)] 030 Black Thrash Bag,Trash Bag
[ BOOSTER ] Green Booster 50ml,"apple | apple and spinach, blended | apple, green | kale, fresh | spinach"
[ BOOSTER ] Turmeric Booster 50ml,"ginger | honey | turmeric, powder"
[CHILL/FROZEN] SELVA ACAI (SWEETNED),acai berry
Pea Sprouts,"bean sprouts, mung, raw | lentils, sprouted"
[ COOKED ITEM ]  Herbed Fable,"plant protein patty, baked and fried | provence herbs, dried"
[COOKED ITEM] Teriyaki Fable,"plant protein patty, baked and fried | soy sauce, glass bottle | soy sauce, prepacked"
(SS) Energy Pack-30g,"dry broad beans | edamame beans | honey | sugar, brown | sunflower seed"
(SS) Omega 3 Mix-30g,"almond | brazil nuts | peanut, grilled, salted | pecan nut, salted"
[ Frozen ] Sambazon Acai Original  (SWT),acai berry
[DRY ITEM] Furikake,"seaweed, agar, raw | sesame seed | sesame seed, grilled, husked | white sesame seeds, toasted | cane sugar | table salt"
[PASTRY] Vegan Choco Pear Loaf,"coconut | milk chocolate | oat milk cream | pear | wheat flour, consumer package"
[FROZEN] Organic Acai with Guarana 100g,acai berry
"Masking tape 2"" (pk/6)",PVC Embossed Tape
Nissho Double-sided EVA Foam Tape,PVC Embossed Tape
Pk8 batteries AA,generic battery
Scotch tape,Packaging Scotch Tape
Grain Bowl Lids T,"PP plastic container lid, 2oz | PET plastic lid, large | Bagasse bowl lid"
Grain Bowl T,"PET plastic bowl, large | Bagasse bowl | PET bowl"
[DRESSING ] Yuzu Soy,"soy sauce, glass bottle | soy sauce, prepacked"
"SIGNATURE TORTILLA TOMATO 12""","corn tortilla wrap, to be filled | tortilla, wheat | wheat tortilla wrap, to be filled"
[Serviette] 33x21CM NAPKIN SCOTT LUNCHEON (WHITE) 1 PLY 36261 6000PCS(250x24S),tesco toilet tissue (Blue)
[DRY ITEM] Goji Berries,other berries
(SS) Trail Mix -30gm,mix of unsalted grains/nuts and raisins
[Wrap Paper for Normal Wraps] SALAD STOP GP WRAP (2K),"Deli wrap, waxed"
[ FRESH ] Blue Pea Flower,"tea, leaves"
[ FRESH ] Tatsoi ( Bak Choy)500gm,leafy or stem vegetables | other vegetables
[Fresh] Pea Sprout 500gm,"bean sprouts, average values, raw"
[DRESSING] Cashew nut and mint dressing ( Vegan),"salad dressing, prepacked"
"Mop Head ""Normal""",Wooden mop stick | Broom head
Mirancho Brand 12inch Plain,"corn tortilla wrap, to be filled"
[Soup Cup] 12oz SOUP CUP -SALAD STOP(500),"PP plastic container lid, 2oz | PET plastic lid, large"
[ DRY ITEM ]Cacao Nibs,cocoa
[Serviette] L1/30/33 QF SCOTT (100s*60p),tesco toilet tissue (Blue)
[COOKED ITEM] Karana Jackfruit Meatballs,"vegan balls, soy based"
[COOKED ITEM] Plant-Based Chicken,vegan fillet pieces
Jasmine Hibiscus kombucha,"still soft drink with tea extract, flavoured, with sugar"
[GnG Salad Bowl ] OP-LT-16 OPS L156*W129*H58 16OZ SALAD BOX (SET) rectangles,"PET plastic bowl, large | PP plastic container, 2oz"
Double sided tape 18mm,Packaging Scotch Tape | PVC Embossed Tape
10oz PLA Dessert Cup Printed,smoothie cup
Plateau Lid Dessert Cup,smoothie cup
16oz Round Cold Cup (smoosha),smoothie cup
SaladStop Paper bags with Handle,Paper Box
"3.5""X5.5"" ZIPBAG",HDPE plastic bag
[Kitchen Use: Thrash Bag Small (19 x 19)] 030 White Thrash Bag,Trash Bag
HAND KLEEN (Apple scent),Dish washing liquid
"[Yogurt / Smoothies Cup Lid]  FL92_PLATIC CLEAR FLAT LID FOR 12OZ CUP (CUP: HF92-12) 1,000 PCS/CS",smoothie cup lid
10oz Dessert Cup (blank),smoothie cup
[Paper bag] Die Cut Handle D BG KRAFT BROWN,Paper Box
Dressing cup base 2oz,dressing cup base 2oz
[DRY GOOD ] SS Energy Pack-30gm,energy drink
"Ruler 12""",Stationary
LEMON YELLOW,lemon
[Dressing Cup Lid] PL-RT78_RPET LID FOR 3-4OZ PORTION CUP 200'S X 12PKTS/CS (CUP:GC-RT325R&GC-RT4R),"dressing cup lid, 2oz"
[Dressing Cup] GC-RT325R_RPET PORTION CUP WITH ROLL RIM 3.25OZ 200'S X 12PKTS/CS (LID:PL-RT78),"dressing cup lid, 2oz"
[Hey-Frozen] Impossible Patty (Raw),"vegan burgers, soy based"
[Hey-Sauce] Smoky Sriracha,"barbecue sauce, prepacked"
[Hey-Sauce] Tzatziki,yogurt sauce
Degreaser: ECO-CLEAN ELITE 505,Multipurpose cleaner | Chemical Disinfectant
Floor Cleaner: ECO-CLEAN ELITE 315,Floor cleaner | Chemical Disinfectant
Spray Sanitizer: 22 MULTI QUAT SANITIZER 14680,Hand sanitiser
Yuzu Lavender kombucha 300ml glass bottle,"still soft drink with tea extract, flavoured, with sugar"
Strawberry Mint kombucha 300ml glass bottle,"still soft drink with tea extract, flavoured, with sugar"
23CM COCKTAIL NAPKIN 2 PLY WHITE,tesco toilet tissue (Blue)
16oz Cold Cup (heybo printed),"dressing cup lid, 2oz"
Omega 3 Mix,"almond | brazil nuts | peanut, grilled, salted | pecan nut, salted"
GFP Asam Pedas Rempah Paste,spice mix
CON MS TP200 (LID-C20) 100SX30PKT,"PP plastic container lid, 2oz | PET plastic lid, large"
"FORK PLASTIC BLACK 7"" 50SX40PKT","Fork, cornstarch, biodegradable"
"SPOON PLASTIC BLACK 7"" 50SX40PKT","Spoon, cornstarch, biodegradable"
COOKING PAPER OZUKI 80S (2018) 2ROLLX6PACK,"Kitchen roll, 1-ply virgin pulp | tesco recycled kitchen towel"
PB-PAPER BAG NO 1 GP 210X105X40 500SX6PKT,Paper Box
Kani Fumi,"surimi, on sticks, in slices or grated, crab flavour"
GFP [FROZEN] Organic Acai with Guarana 100g,acai berry | other berries
"ALKALINE: Green Apple, Celery, Cucumber","apple juice | mixed fruits juice, pure juice | mixed fruits juice, pure juice, multivitamin"
"HEAL: Orange, Carrot, Ginger, Tumeric","orange juice | orange juice, freshly squeezed, 1l | mixed fruits juice, orange based, multivitamin"
"HYDRATE: Watermelon, Pineapple, Lime","pineapple juice (i) | mixed fruits juice, pure juice | mixed fruits juice, pure juice, multivitamin"
"REBOOT: Beetroot, Apple, Carrot",beetroot juice
SPROUTS ALFALFA,"alfalfa seeds, sprouted, raw"
Bean Haricot Fine,"haricot bean, canned, drained | haricot bean, dry| haricot beans with tomato sauce, canned"
WILD ROCKET PLAIN (1.5 Kg / Ctn),"rocket | roman rocket, raw"
[Kitchen Use: Green Cloth] WYPALL *X80 GREEN WIPER,Wypall *X Wiper
[Kitchen Use: Tissue Roll] PREMIUM CENTER PULL 300M (6),"Kitchen roll, 1-ply virgin pulp"
"[Kitchen Use] Cling Wrap Small: CF126 12"" x 300m",cling wrap
[Smoothie Cup Lid] D92mm EC LID (1K) CLEAR,"PET plastic lid, large"
"[TA Fork] 8"" BIOCORN FORK (100*10p) DLF-01- PIECE","Fork, cornstarch, biodegradable"
[COOKED ITEM] Grilled Tofu,"tofu | tofu, firm, | tofu, plain | tofu, soy bean curd"
[CHILL/FROZEN] Kale,"curly kale, raw | kale, raw"
[DRESSING] Basil Pesto,"pesto | pesto without garlic | dressing | salad dressing, (50-75% of oil), prepacked | salad dressing, prepacked | salad dressing, reduced fat, prepacked"
[DRESSING] Honey Dijon,"mustard sauce prepacked  | dressing | salad dressing, (50-75% of oil), prepacked | salad dressing, prepacked | salad dressing, reduced fat, prepacked"
[DRESSING] Indian Spice Yogurt V2,"indian-style sauce, tandoori or garam masala type, prepacked | yogurt sauce"
[DRESSING] Japanese Miso,"miso | dressing | salad dressing, (50-75% of oil), prepacked | salad dressing, prepacked | salad dressing, reduced fat, prepacked"
[DRESSING] Lemon and Oil,"lemons and limes | lemon zest, raw | dressing | salad dressing, (50-75% of oil), prepacked | salad dressing, prepacked | salad dressing, reduced fat, prepacked"
[DRESSING] Sesame Lime,"sesame oil | sesame | sesame seed | dressing | salad dressing, (50-75% of oil), prepacked | salad dressing, prepacked | salad dressing, reduced fat, prepacked"
[DRESSING] Thai Turmeric Dressing,"turmeric, powder | dressing | salad dressing, (50-75% of oil), prepacked | salad dressing, prepacked | salad dressing, reduced fat, prepacked"
[DRESSING] Wasabi Honey Soy,"horseradish, fresh | soy oil | soy sauce, glass bottle | soy sauce, prepacked | dressing | salad dressing, (50-75% of oil), prepacked | salad dressing, prepacked | salad dressing, reduced fat, prepacked"
[DRY GOOD] Hela Croutons,"croutons | croutons, plain, prepacked"
[PASTRY] Banana Acai Loaf,"sandwich loaf | sandwich loaf, bran grain | sandwich loaf, crust less, prepacked | sandwich loaf, multigrain | sandwich loaf, wholemeal | sandwich made with loaf bread, various filling"
[ BOOSTER ] Lemon Pineapple Booster 50ml,"pineapple juice (i) | mixed fruits juice, pure juice | mixed fruits juice, pure juice, multivitamin"
[COOKED ITEM] Falafel,"falafel | falafel, fried | falafel mince | falafel, frost | naturli' organic falafel 350 g"
GENTLE-FLORAL 5L HAND SOAP (103),pure soap (125g) 1| pure soap (4x125g)
"SALADSTOP! Die Cut Bag - L 0.04mm x W(10""+5"") x H15 Transparent HDPE Die-Cut Bag with Oxium (Biodegradable)",HDPE Die-Cut Bag with Oxium | HDPE plastic bag
"SALADSTOP! Die Cut Bag - S   0.04mm x W(8""+3"") x H12.25  Transparent HDPE Die-Cut Bag with Oxium (Biodegradable)",HDPE Die-Cut Bag with Oxium | HDPE plastic bag
Smoked Turkey Ham,"turkey, breast, boiled/smoked, sliced | cured ham, raw, smoked |cured ham, raw, smoked, reduced fat | turkey cooked ham, in slices"
[DRESSING] Mixed Berries Vinaigrette,"vinaigrette | dressing | salad dressing, (50-75% of oil), prepacked | salad dressing, prepacked | salad dressing, reduced fat, prepacked"
[COOKED ITEM] Sous Vide Chicken,"chicken, sous vide"
[CHILL] White Radish Pickles,"radish, pickled"
BIR - TEASDALE WHOLE BLACK BEAN IN BRINE A10,"black beans | black beans, brined"
[Salad / GrainBowl Lid]  32oz PET Lid Salad Stop 300pcs  (50x6S),"PET plastic lid, large"
[Salad Bowl] TPPL0054_32oz PET Bowl Salad Stop  300pcs (50x6S),"PET plastic bowl, large | PET bowl"
[DRESSING] Korean Chili Vinaigrette (New),"vinaigrette | dressing | salad dressing, (50-75% of oil), prepacked | salad dressing, prepacked | salad dressing, reduced fat, prepacked | chili sauce"
Powder Free Vinyl Gloves Blue (L),PVC vinyl gloves
Powder Free Vinyl Gloves Blue (M),PVC vinyl gloves
[DRY GOOD] SS Granola Nuts  (Vegan),granola | granola bar
[DRY GOOD] CHA SOBA 1kg,cha soba
[PASTRY] Crispy Cracker,"cracker, baked | flavored crackers | plain crackers | prawn crackers | salty snacks, crackers, garnished or filled with cheese | salty snacks, crackers, reduced fat | wholegrain crackers"
LETTUCE ROCKET LEAF (BABY),"mesclun or salads, mix of baby leaves | baby spinach | rocket | roman rocket, raw"
Conventional Black Chia Seed,chia seeds
F/SQUEEZED LEMON JUICE,lemon juice
TABASCO RED SAUCE,"harissa (hot spicy sauce), prepacked | sauce, pepper, prepacked"
[ NON FOOD ] 4 PLY FACE MASK,4 ply face mask
[PACKAGING] Pastry Bag,HDPE Die-Cut Bag with Oxium | HDPE plastic bag | LDPE plastic bag
[PACKAGING] G&G Salad Bowl 16OZ PET SALAD BOWL (250s),"PET plastic bowl, large | PET bowl"
[SMOOTHIE] Yellow Mellow,"smoothie | smoothie, strawberry blueberry"
[PACKAGING] Kraft Sticker With Tail,Carbon Footprint OPP Packaging Tape (701A)
Pomelo peeled meat,"pomelo, peeled | pomelo"
YOWE CORN OIL,maize/corn oil
Alkaline Water 500ml,alkaline water
[PASTRY] Vegan Raspberry Loaf,"sandwich loaf | sandwich loaf, bran grain | sandwich loaf, crust less, prepacked | sandwich loaf, multigrain | sandwich loaf, wholemeal | sandwich made with loaf bread, various filling"
Casa Fiesta Black Bean Whole,"black beans | black beans, brined"
[DRY GOOD] GINGEN Instant Ginger (Box) - Strong Ginger,"ginger | ginger root, raw | ginger, powder"
[Granola Cup Lids] PL-RT65_RPET LID FOR 2OZ PORTION CUP 200'S X 12PKTS/CS (CUP:GC-RT2R) 90012,"PET plastic lid, large"
[Granola Cup] RPET PORTION CUP WITH ROLL RIM 2OZ 200'S X 12PKTS/CS (LID:PL-RT65) 90011,"PET bowl | PET plastic bowl, large"
(SS) Protein Pack-30g,protein bar
[ COOKED ITEM ] Mushroom Medley,mushrooms
[ COOKED ITEM ]  Fish Patty,"fish cake, fried"
[DRESSING] Laksa Vinaigrette,"dressing | salad dressing, prepacked"
SS Special Blend Almond Nut Butter,almond paste
"SOFT BROOM ""HEAD ONLY""",Broom head
[PACKAGING] Kraft Sticker Round,Carbon Footprint OPP Packaging Tape (701A)
[PASTRY]Vegan Apple Loaf,"sandwich made with loaf bread, various filling"
BAG SALADSTOP (250) PRINTED,LDPE plastic bag | HDPE plastic bag
La Costena Nacho Sliced Jalapeno Peppers,"jalapeno peppers, pickled"
[DRESSING] Arabic Spiced Vinaigrette,"dressing | salad dressing, prepacked"
New Kale Seasonal Blend,"curly kale, raw | kale, fresh | kale, raw"
"BROOM STICK ""PLASTIC""",Wooden mop stick
[DRESSING ] Cinnamon Apple Mustard Vinaigrette,"dressing | salad dressing, prepacked"
SS Seafood Chowder 2kg/pkt,"soup, chicken and vegetables, prepacked, to be reheated"
[DRY GOOD ] Croutons (B&B),"croutons | crouton with garlic, herbs or onions, prepacked | croutons, plain, prepacked"
[Frozen] Fresh Frozen Spirulina,"spirulina, (spirulina sp.), dried"
Round Yellow Corn Chips,corn chips or tortilla chips
[DRY GOOD ] Broth Powder,"broth, stock or bouillon, vegetables, dehydrated and reconstituted"
[DRESSING ] Ginger Coriander Dressing,"dressing | salad dressing, prepacked"
[DRESSING ] Smoky Jalapeno Dressing,"dressing | salad dressing, prepacked"
[Smoothie Cup] 12oz EC CLEAR CUP (50s*20p),"PET plastic bowl, large"
[Granola Cup] 70ML SC CON (C20) (3000),"PET plastic bowl, large"
SS Seafood Chowder (5 pkt / ctn ),"soup, chicken and vegetables, prepacked, to be reheated"
Strawberry Mint kombucha,"tea | icetea, peach"
[Coffee Cup Holder] BROWN 4 CUP TRAY (250s),Corrugated Box | Cardboard Box | Carton Box
GF MINI MUFFIN - Banana,"english muffin, prepacked"
GF MINI MUFFINS - Chocolate,"english muffin, prepacked"
Sapporito Chili Crushed/ Flakes,"chilli | dry peppers, pimento or chilli"
Fresh Frozen Spirulina,"spirulina, (spirulina sp.), dried"
Creamy Mushroom Medley,"cream sauce with mushrooms, prepacked"
Wholemeal fusilli San Remo,"dried pasta, wholemeal, raw"
GF MINI MUFFINS - Lemon Coconut,"english muffin, prepacked"
HONEY PINEAPPLE,"pineapple, in light syrup, canned, drained"
2oz PLA Sauce Container (granola/dressing),"PP plastic container, 2oz"
GF MINI MUFFINS - Orange Chia,"english muffin, prepacked"
[Soup Cup Lid] 8/12/16 UNICUP LID (500),"PET plastic lid, large"
[DRY ITEM ] Banana Chips,"banana, pulp, dried"
[POWER BOX LIDS] 800/1000ML BAGASSE PULP CONTAINER LID,"PET plastic lid, large"
[POWER BOX] 1000ML BAGASSE PULP CONTAINER - 2 COMPARTMENT,"Bagasse bowl, large"
Power Box Lid,"PET plastic lid, large"
Power Boxes,"PP plastic container, 2oz"
Almonds with Honey,sugar-coated almond
Mixed Nuts with Salt & pepper,mix of salted grains/nuts and raisins
HONEY MELON,"cantaloupe (melon), whole fruit | cantaloupe and other melons"
Chamomile Citron Tea Forte - Forte Filter bag,tea in bags
Forte Breakfast Tea Forte - Forte Filter bag,tea in bags
Moroccan Mint Gree Tea Forte - Forte Filter bag,tea in bags
[DRY GOOD ](SS) Baked Almonds -30g,"almond | almond, grilled, salted"
Dressing Cup Lid 2oz,"PP plastic container, 2oz | PET plastic lid, large"
Forest Feast Slow Roasted Peanuts and Almonds with Serrano Chilli & Honey,"mix of salted grains/nuts and raisins | almond, grilled, salted | peanuts, roasted, salted"
Forest Feast Slow Roasted Pitmaster smoked almonds and peanuts with Irish Sea salt,"mix of salted grains/nuts and raisins | almond, grilled, salted | peanuts, roasted, salted"
[Hey-Dip] Edamame & Avocado,edamame beans | avocado
"Lemongrass, Ginger & Turmeric kombucha","tea | icetea, peach"
[Hey-Frozen] Plant Protein Patty,"plant protein patty, baked and fried"
[Hey-Sauce] Pineapple Tamarind,pineapple
GFP Impossible Pork Roulade (xmas),"plant protein patty, baked and fried"
850CC PP BOWL LID CLEAR PP-C850 600PCS(50X12S),"PET plastic lid, large"
SMOKED DUCK CHEST BLACK PEPPER 12PKT/CTN,"duck breast fillet, smoked"
[ Wooshi - Sauce ] Tangy Thai Pesto,"dressing | salad dressing, prepacked | sauce, pesto, prepacked"
Epson T664100 Ink bottle black 70ml,Toner Cartridge | Toner Black Original
[COOKED ITEM] Soft Boiled Egg (Harajuku),"soft boiled egg, harajuku egg |  egg, soft-boiled |  egg, hard-boiled |  boiled egg, peeled |  dried egg pasta, raw"
A1 EXTRA LARGE BROWN EGG,"egg |  kampung egg, small |  egg, powder |  egg yolk, powder |  egg white, powder"
COOKED & PEELED FRESH EGG (20PCS/PKT),"boiled egg, peeled |  egg white, cooked |  egg yolk, cooked |  egg, raw |  egg white, raw"
EGG FRESH WHITE SHELL ( KAMPUNG EGG) SIZE 60-65G,"kampung egg, small |  egg white, cooked |  egg white, raw |  egg white, powder |  egg yolk, cooked"
EGG PASTEURISED LIQUID WHITE,"egg white, powder |  egg white, raw |  egg yolk, powder |  egg white, cooked |  egg, powder"
KISCO - Mushroom Soup (V),"mushroom soup |  mushroom sauce, prepacked |  mushroom, canned |  pumpkin soup |  soup, mushrooms, prepacked, to be reheated"
KISCO - Pumpkin & Ginger Soup (V),"pumpkin soup |  soup, pumpkin, prepacked, to be reheated |  mushroom soup |  soup, pumpkin, dehydrated and reconstituted |  pumpkin, raw"
KISCO - Tomato Soup (V),"tomato soup |  soup, tomato, ready to eat |  soup, tomatoes, prepacked, to be reheated |  soup, tomatoes, dehydrated and reconstituted |  tomato ketchup, bottled"
Lime,"lime |  lime juice |  lime, raw |  lime, pulp, raw |  served lime hard seltzer"
Orange 'A' (100% Pure),"orange |  orange |  orange, raw |  orange, pulp, raw |  orange juice"
BANANA DELMONTE/DOLE,banana |  banana |  banana |  banana |  banana
CARROT SHREDDED 3MM,"carrot, raw |  carrot, raw |  carrot, cooked |  carrot |  carrot"
CUCUMBER JAPANESE,cucumber |  cucumber |  cucumber |  cucumber |  cucumber
HERB DILL,"dill, fresh |  dill, raw"
LETTUCE ROMAINE CUT 4CM X 5CM,"lettuce, romaine |  lettuce |  lettuce |  lettuce, fresh |  lettuce, fresh"
Lime Seedless,"lime |  lime juice |  lime, raw |  grapes, seedless |  lime, pulp, raw"
MINT LEAF,"mint, fresh |  mint |  true gum mint |  wake up tea tree & mint shower creme 250 ml |  syrup (mint, strawberries flavoured etc.), with sugar diluted in water"
ONION RED PEELED,"onion, peeled |  red onion |  onion, dried |  onion, raw |  onion, raw"
PARSLEY CHINESE / CORIANDER,"chinese parsley, coriander |  coriander, seed |  parsley, fresh |  coriander, fresh |  parsley, raw"
POTATO LOCAL,potato |  potato |  potato |  potato |  potato
TOMATO CHERRY RED,cherry tomato |  tomato |  tomato |  tomato |  tomato
BEETROOT,"beetroot |  beetroot |  beetroot, fresh |  beetroot, fresh |  beetroot juice"
Broccoli China,"broccoli |  broccoli |  broccoli, fresh |  broccoli, fresh |  broccoli, fresh origin: esp"
CABBAGE RED SLICED 1MM,"red cabbage, raw |  cabbage, red |  red cabbage, fresh |  cabbage, red, raw |  white cabbage, raw"
CABBAGE ROUND SLICED 1MM,"white cabbage, raw |  cabbage |  green cabbage, raw |  white cabbage |  red cabbage, raw"
CAPSICUM GREEN,"capsicum, green |  capsicum, red |  chillies and peppers, green |  chillies and peppers, green |  chillies and peppers, green"
CAPSICUM RED,"capsicum, red |  capsicum, green |  sweet pepper, red, raw |  sweet pepper, red, cooked |  pepper, sweet, red, raw"
SPINACH BABY PLAIN (3.0 Kg / Ctn),baby spinach |  spinach |  spinach |  spinach |  spinach
AVOCADO,avocado |  avocado |  avocado |  avocado |  avocado
BANANA,banana |  banana |  banana |  banana |  banana
GREEN APPLE,"green apple |  apple, green |  apple |  apple |  apple"
SEEDLESS GRAPE,"grapes, seedless |  grape, raw |  grape, raw |  grape, white, raw |  grape, red, raw"
[COOKED ITEM] CK Roasted Pumpkin,"pumpkin, roasted |  pumpkin, cooked |  pumpkin, raw |  pumpkin, raw |  pumpkin soup"
[COOKED ITEM] Haloumi Cheese,"haloumi cheese |  firm cheese, around 27% fat, maasdam-type cheese |  processed cheese with fresh cream cheese and walnuts |  processed cheese, in slices |  tomme cheese, from mountain or savoy"
[COOKED ITEM] Oven Baked Mushroom,"brown mushrooms, baked |  mushroom sauce, prepacked |  mushroom, canned |  mushroom, raw |  dauphine potato, frozen, cooked"
[COOKED ITEM] Plant Protein Patty,"plant protein patty, baked and fried |  vegan burger, pea protein |  textured vegetable protein |  textured vegetable protein |  chipolata sausage, cooked"
[COOKED ITEM] Roasted Brussels Sprout,"brussels sprout, cooked |  brussels sprout, frozen, cooked |  brussel sprouts, roasted |  brussels sprout, frozen, raw |  brussels sprout, canned, drained"
[COOKED ITEM] Roasted Lemongrass Chicken,"chicken, roasted |  chicken with curry and coconut milk sauce |  bouillon, chicken, prepared |  chicken, baked |  tabbouleh with chicken, prepacked"
[ COOKED ITEM ] Chick Pea Patty (45gm),"chick pea, cooked |  chick peas, cooked |  split pea, cooked |  chick pea flour |  garden peas, frozen, cooked"
[COOKED ITEM] Stewed Beans,"white bean stew, canned |  mung bean, cooked |  french bean, frozen, cooked |  broad bean, cooked |  white bean stew, with pork, canned"
[ COOKED ITEM ] SAUTEED CORN,"sweet corn, on the cob, cooked |  corn flour |  corn tortilla wrap, to be filled |  corn canned |  maize/corn starch"
[CHILL/FROZEN] Cucumber Pickles,"pickled cucumber |  cucumber, pickled |  cucumber |  cucumber |  cucumber"
[COOKED ITEM] Roasted Chicken,"chicken, roasted |  chicken, baked |  chicken, marinated wing, roasted/baked |  chicken, meat and skin, roasted/baked |  chicken, sausage slices"
[COOKED ITEM] Seared Tuna,"tuna, raw |  tuna, raw |  canned tuna |  canned tuna |  tuna loin, seared"
"[COOKED ITEM] Tandoori Chicken Leg, boneless, Skinless","chicken thigh, fresh boneless skinless |  chicken breast, fresh boneless skinless |  chicken breast, fresh boneless skinless |  chicken high leg, meat, raw |  chicken, breast, without skin, cooked"
[DRESSING] Arabian Spiced Vinaigrette,"vinaigrette |  salad dressing, oil and vinegar |  ox muzzle in salad dressing sauce |  salad dressing, thousand island |  salad dressing, (50-75% of oil), prepacked"
[DRESSING] Classic Caesar,"caesar dressing |  dressing |  salad dressing, prepacked |  salad dressing, oil and vinegar |  ox muzzle in salad dressing sauce"
[DRESSING] Smoke Pimento Vinaigrette,"vinaigrette |  dressing |  dry peppers, pimento or chilli |  dry peppers, pimento or chilli |  dry peppers, pimento or chilli"
[DRESSING] Smoky Ranch,"dressing |  ox muzzle in salad dressing sauce |  salad dressing, thousand island |  salad dressing, oil and vinegar |  pork snout in salad dressing sauce"
[PASTRY] Carrot Cake Loaf,"cream pastry, layer cake |  pound cake, prepacked |  biscuit puff pastry |  soft cake, plain, sponge cake type |  biscuit sponge cake, with chocolate, pre-packed"
[CHILL/FROZEN] Edamame Bean,"edamame beans |  broad bean, fresh, frozen |  broad bean, frozen, water boiled |  minced soya, frozen |  minced soya, frozen"
[CHILL/FROZEN] Parmesan Cheese Shaved,"parmesan cheese, shaved |  processed cheese, in slices |  cheese tart |  fresh cream cheese, plain, fat free |  cheese, hard cheese, like parmesan"
[CHILL/FROZEN] Sweet Corn,"sweet corn, frozen, raw |  sweet corn, on the cob, frozen, raw |  sweet corn |  sweet corn |  sweet corn"
JOLLY GREEN DISH WASHING LIQUID 5L (204),"Dish washing liquid |  washing up liquid original 500 ml |  washing up liquid lemon 500 ml |  std washing up liquid lemon 500 ml |  green pepper sauce, prepacked"
REFRESHING FLORAL FLOOR 5L (306),Floor cleaner
Frozen Banana Slices,"banana, raw |  banana |  banana |  banana |  banana"
Frozen Whole Blueberry,"blueberry, frozen, unsweetened |  blueberry, frozen, raw |  blueberry |  blueberry |  blueberry"
SPINACH BABY PLAIN (1.5 Kg / Ctn),baby spinach |  spinach |  spinach |  spinach |  spinach
WHITE CHEESE (FETA) 4KG GERMAN WHT DEU HALAL,"cheese, feta |  feta cheese |  feta cheese |  feta cheese |  cheese, semihard, feta, 40 % fidm"
[PASTRY] Lavosh w / Black Chia Seed,"seeds, chia, dried |  chia seeds |  puff pastry, cooked |  puff pastry, raw |  chou pastry, sugar coated"
BABY SPINACH,baby spinach |  spinach |  spinach |  spinach |  spinach
Pomelo whole,"pomelo |  pomelo, peeled |  grapefruit and pomelo |  grapefruit and pomelo |  grapefruit and pomelo"
Thai Asparagus,asparagus |  asparagus |  asparagus |  asparagus |  asparagus
[ COOKED ITEM] Soy Salmon,"salmon, steamed |  salmon, baked |  salmon, grilled/pan-fried |  salmon oil |  soy meal"
[ COOKED ITEM] Super Protein Patty ( New ),"plant protein patty, baked and fried |  vegan burger, pea protein |  beef patty, frozen |  chipolata sausage, cooked |  textured vegetable protein"
[Chill ] Cauliflower Rice,"cauliflower rice, cauliflower |  cauliflower, frozen, cooked |  cauliflower, cooked |  cauliflower |  cauliflower"
[SS/HB] Cha Soba,cha soba
CHEDDAR MILD - SHREDS 1KG,"cheddar, shredded |  cheddar |  ""cheddar cheese, from cows milk"", wooshi dry good wasabi chiyoda 1kg"
"MISSION FLOUR TORTILLA 10"", 12 CT (877)","tortilla bread, wheat |  tortilla, wheat |  wheat tortilla wrap, to be filled |  rye flour, type 85 |  rye flour, consumer package"
TYRRELLS (40G) - CIDER VINEGAR & SEA SALT POTATO CHIPS,"apple cider vinegar |  salty snacks, made from potato |  potato crisps, potato chips |  vinegar, cider |  potato chips"
TYRRELLS (40G) - LIGHTLY SEA SALTED POTATO CHIPS,"potato chips |  salty snacks, made from potato |  potato crisps, potato chips |  potato crisps |  potato crisps"
TYRRELLS (40G) - SWEET CHILLI & RED PEPPER POTATO CHIPS,"potato chips |  potato crisps, potato chips |  potato crisps |  potato crisps |  potato crisps"
[COOKED ITEM] CK Bacon Bits,"bacon, cooked |  bacon, frying, raw |  vegan bacon |  pork, american bacon (dry cured) |  pork, british bacon (dry cured)"
[TA Spoon] 170MM CORNSTARCH SPOON DLS04 2000PCS(50X40S),"Spoon, cornstarch, biodegradable |  Fork, cornstarch, biodegradable"
Seedless Grapes RED,"grapes, seedless |  grape, red, raw |  grape, raw |  grape, raw |  grape, white, raw"
Chestnut (Ready To Eat),"chestnut, canned |  chestnut |  chestnut |  chestnut |  chestnut"
FIGARO SLICED BLACK OLIVE,"black olives, sliced |  albacore, in olive oil, canned, drained |  olive |  olive |  olive"
NAARMANN UHT MILK - 3.5% FAT WITH CAP,milk 3% fat |  milk 3% fat |  milk 3% fat |  milk 3% fat |  milk 3% fat
SALT SACHET,"table salt |  table salt |  salt, table |  table salt, fine |  Table salt, fine"
SAPORITO CHICK PEAS,"chick pea, dried |  chick pea, cooked |  chick pea flour |  chick peas, in can |  chick peas, cooked"
SAPORITO JALAPENO PEPPER SLICED,"jalapeno peppers, pickled |  chorizo, sliced |  sweet pepper, red, canned, drained |  roastbeef, sliced |  white pepper, powder"
WHITE PEPPER SACHET,"white pepper, powder |  pepper |  bell pepper |  pepper (g) |  pepper (g)"
YOWE CANNED MANDARIN ORANGES,"mandarin oranges, canned |  orange juice, canned |  orange, raw |  orange |  orange"
Yowe Coconut MIlk - 5%,coconut milk |  coconut milk |  soy milk |  rice milk |  coconut milk or coconut cream
[ SOUP ] Creamy Mushroom Medley,"mushroom soup |  soup, mushrooms, prepacked, to be reheated |  mushroom sauce, prepacked |  tomato soup |  mushroom, canned"
[Cooked Item ] Bacon Bits ( GJH),"bacon, cooked |  bacon, frying, raw |  vegan bacon |  pork, american bacon (dry cured) |  pork, british bacon (dry cured)"
[SMOOTHIE] Berry Grape Ful,"smoothie, strawberry blueberry |  grape, raw |  grape, raw |  grape, red, raw |  grape, white, raw"
[SMOOTHIE] Just Picked Cocowater (12 x 330ml),"just picked cocowater natural |  smoothie |  smoothie, strawberry blueberry"
[ SOUP ] Country Style Pumpkin Soup,"pumpkin soup |  soup, pumpkin, prepacked, to be reheated |  soup, pumpkin, dehydrated and reconstituted |  mushroom soup |  burgundy-style beef stew"
[ SOUP ] Creamy Tomato Soup,"tomato soup |  soup, tomato, ready to eat |  soup, tomatoes, prepacked, to be reheated |  mushroom soup |  soup, tomatoes, dehydrated and reconstituted"
[DRY GOOD] Sun Dried Raisin,"raisins, sun-dried raisins |  raisin |  raisin |  raisin puff pastry (viennese pastries) |  rosemary, dried"
[DRESSING] Cashew mint,"mint, fresh |  mint |  cashew |  cashew |  cashew"
Frozen Smoked Salmon Fillet,"smoked salmon |  salmon tart |  salmon, smoked |  salmon, baked |  salmon, steamed"
Natural Sunflower Seeds,sunflower seed |  sunflower seed |  sunflower seed |  sunflower seed |  sunflower seed
Organic White Quinoa (bolivia),"white quinoa, organic |  neleman verdejo organic |  quinoa |  quinoa |  quinoa"
Pumpkin Seed,"pumpkin seeds |  pumpkin seeds, dried |  pumpkin |  pumpkin |  pumpkin, cooked"
Sliced Almond (Blanched),"almonds, sliced, blanched |  almond, (with peel) |  sugar-coated almond |  almond paste |  almond covered with chocolate"
Walnuts LHP 80%,walnut |  walnut |  walnut |  walnut |  walnut
"SIGNATURE TORTILLA SPINACH 12""","tortilla, wheat |  spinach |  spinach |  spinach |  spinach"
"SIGNATURE TORTILLA WHOLE WHEAT 12""","tortilla, wheat |  tortilla bread, wheat |  wheat flour, consumer package |  wheat flour, consumer package |  wheat tortilla wrap, to be filled"
[ CHILL ] Farmer Union Greek Yogurt,"greek yogurt |  yogurt, greek-style, plain |  ""yogurt, greek-style, ewes milk"", yogurt |  soy yogurt"
[ DRY GOOD] Skippy Peanut Butter Creamy CHINA 1KG,"peanut butter, smooth |  peanut butter |  peanut butter |  peanut paste |  sugar and chocolate coated peanut"
APPLE GREEN,"green apple |  apple, green |  apple |  apple |  apple"
[DRESSING] Balsamic Vinaigrette,"vinaigrette |  vinegar, balsamic |  salad dressing, oil and vinegar |  salad dressing, prepacked |  dressing"
[DRY GOOD ] Nutella Chocolate Spread,"nutella, nut cream |  chocolate confectionery, filled with nuts and/or praline |  chocolate spread with hazelnuts |  chocolate confectionery, filled with wafer |  dark chocolate bar, with dried fruits (nuts, almonds, raisin, praline)"
"SIGNATURE TORTILLA PLAIN 12""","tortilla, wheat |  tortilla bread, wheat |  tortilla chips, cheese |  corn tortilla wrap, to be filled |  spanish-style tortilla with onions (omelette with potatoes and onions)"
Brown Calrose Rice,rice |  rice |  rice |  rice |  rice
"Peanut, Crushed","peanut, crushed |  peanut |  peanut |  peanut, grilled |  peanut paste"
S & W BLACK BEANS,"black beans |  bean |  black beans, brined |  pepper, black |  black pepper"
[DRESSING] Lime Jalapeno Vinaigrette,"vinaigrette |  jalapeno peppers, pickled |  lime, pulp, raw |  lime juice |  lime"
Bagasse Bowl PET Lid (1000ml),"PET plastic lid, large |  PET plastic bowl, large |  PET bowl |  Bagasse bowl, large |  water, 1l pet bottle"
Bagasse Bowls 1000ml,"Bagasse bowl, large |  PET plastic bowl, large |  PET bowl"
Flax Seed,flax seed |  flax seeds |  flax for fibre |  flax for fibre |  flax for fibre
Rolled Oats,"rolled oats |  oat |  rolled oats consumer package |  oat meal |  oat, raw"
MANGO PUREE (BLUE CAP) 1BOTX1L,mango puree |  mango |  mango |  mango |  mango
Raspberry Puree,"raspberry puree |  raspberry, raw |  raspberry, raw |  raspberry |  raspberry"
STRAWBERRY PUREE 1BOT X 1L,"strawberry puree |  strawberry, raw |  strawberry, raw |  strawberry |  strawberry"
Soy Barista Original,"soy cream |  soy yogurt |  soy milk |  soy drink, plain |  soy drink, 1l"
TYRRELLS (40G) - MATURE CHEDDAR & CHIVES POTATO CHIPS,"potato chips |  potato crisps, potato chips |  potato crisps |  potato crisps |  potato crisps"
TYRRELLS (40G) - SEA SALT & CRACKED BLACK PEPPER POTATO CHIPS,"potato chips |  potato crisps, potato chips |  salty snacks, made from potato |  potato crisps, coarse |  potato crisps"
SAPORITO EXTRA VIRGIN OLIVE OIL,"extra virgin olive oil |  olive oil, extra virgin |  olive oil |  olive oil |  olive oil"
Farmer Union Greek Yogurt,"greek yogurt |  ""yogurt, greek-style, ewes milk"", yogurt, greek-style, plain |  yogurt |  soy yogurt"
[SMOOTHIE] BerryLicious,"smoothie |  smoothie, strawberry blueberry"
Frozen Whole Strawberry,"strawberries, frozen |  strawberry |  strawberry |  strawberry |  strawberry"
YOWE HONEY,honey |  honey |  honey |  honey |  honey
Thermal Receipt Paper Roll: 80-76-12mm,Thermal receipt paper |  net thermal paper |  Thermal Bag |  Fellowes AutoMax 150C Hands Free Paper Shredder |  all about body sensitive roll on 50 ml
[Kitchen Use: Red Cloth] WYPALL *X80 RED WIPER,"Wypall *X Wiper |  tesco recycled kitchen towel |  tesco kitchen towel |  Kitchen roll, 1-ply virgin pulp |  surmullet or red mullet, raw"
(SS) Baked Almonds -30g,sugar-coated almond |  almond |  almond |  almond |  almond
Yowe Black Pepper Coarse/Crushed,"black pepper, ground |  black pepper, ground |  black pepper, powder |  grey pepper, powder |  black pepper"
Dried Apricot Size #2 (Yellow Colour),"apricot, dried |  apricots, dried |  dried apricots |  dried apricots |  apricot, pitted, dried"
Dried Cranberries,"cranberries, dried |  cranberry |  cranberry |  cranberry |  cranberry"
Blueberry Puree,blueberry puree |  blueberry |  blueberry |  blueberry |  blueberry
Yowell Bleach,Bleach
Yowell Dish Washing Liquid,Dish washing liquid |  washing up liquid original 500 ml |  washing up liquid lemon 500 ml |  laundry liquid - 1.5 l |  std washing up liquid lemon 500 ml
Sapporito Oregano Shredded,"oregano, dried"
RASPBERRY,raspberry |  raspberry |  raspberry |  raspberry |  raspberry
USA STRAWBERRY 454G*8PKT,strawberry |  strawberry |  strawberry |  strawberry |  strawberry
[ FRESH ] Butterhead Lettuce,"lettuce, fresh |  lettuce, fresh |  lettuce |  lettuce |  lettuce, romaine"
YOWE TABLE FINE SALT,"table salt, fine |  Table salt, fine |  salt, table |  table salt"
ONION RED PEELED (NP),"onion, peeled |  red onion |  onion, dried |  onion, raw |  onion, raw"
Toasted White Sesame Seeds,"white sesame seeds, toasted |  sesame seed |  sesame seed |  sesame seed, grilled, husked |  sesame seeds, decorticated"
[DRESSING] Mustard Cider Vinaigrette,"mustard sauce prepacked |  flavoured cider |  mustard, yellow, ready made |  mustard |  mustard"
Herb Basil Thai,"basil, fresh |  basil, fresh |  basil, dried |  basil, dried |  tomato & basil"
[Fresh ]Thai Asparagus,asparagus |  asparagus |  asparagus |  asparagus |  asparagus
"SIGNATURE TORTILLA PLAIN 10""","tortilla, wheat |  tortilla bread, wheat |  tortilla chips, cheese |  corn tortilla wrap, to be filled |  spanish-style tortilla with onions (omelette with potatoes and onions)"
BamNut Milk (unsweetened),"bamnut milk - airy |  bamnut milk - barista |  blueberry, frozen, unsweetened |  fermented milk drink, plain, whole milk |  goat milk, half skimmed, uht pasteurized"
KALE,"kale, fresh |  kale, raw |  kale, hydroponic |  curly kale, raw |  kale, in glass jar"
Cage Free Eggs,"egg |  egg, raw |  goose egg, raw |  egg white, raw |  duck egg, raw"
Honey,honey |  honey |  honey |  honey |  honey
"7"" BIOCORN SPOON (50*40)","Spoon, cornstarch, biodegradable"
Bagasse bowl LIDS,"Bagasse bowl, large |  PET plastic bowl, large |  PET plastic lid, large |  PET bowl"
Bagasse Bowls 32oz,"Bagasse bowl, large |  PET plastic bowl, large |  PET bowl"
Saporito Jalapeno Slice 12oz,"jalapeno peppers, pickled"
Mandarin Orange,"orange |  orange |  mandarin oranges, canned |  mandarin |  orange, raw"
"7"" BIOCORN FORK (50*40)","Fork, cornstarch, biodegradable"
[DRY GOODS] Organic Toasted Coconut Flakes,"coconut, kernel, dried |  coconut |  coconut |  coconut |  coconut"
[COOKED ITEM] New Falafel,"falafel, fried |  chipolata sausage, cooked |  falafel |  falafel, frost"
Butterhead Lettuce,"lettuce |  lettuce |  lettuce, fresh |  lettuce, fresh |  lettuce, romaine"
[TA Fork] 170MM CORNSTARCH FORK DLF02 2000PCS(50X40S),"Fork, cornstarch, biodegradable |  Spoon, cornstarch, biodegradable"
SERENE FRESH (Floor Cleaner),Floor cleaner |  Multipurpose cleaner
SUPER LEM (Multipurpose Cleaner),Multipurpose cleaner |  Floor cleaner
BLUEBERRY,blueberry |  blueberry |  blueberry |  blueberry |  blueberry
JUST PICKED COCOWATER - NATURAL - 1000ML X 6 Packet,just picked cocowater natural
JUST PICKED COCOWATER - NATURAL - 330ML X 12 Packet,just picked cocowater natural
EVIAN 24X400ML PET,"PET plastic lid, large |  water, 1l pet bottle |  water, 1l pet bottle |  carbonated soft drink, pet bottle 50 cl |  carbonated soft drink, pet bottle 50 cl"
Feta Cheese,"feta cheese |  feta cheese |  feta cheese |  cheese, feta |  ""feta cheese, from ewes milk"""
[SMOOTHIE] Vitamix,"smoothie |  smoothie, strawberry blueberry"
CUCUMBER LOCAL,cucumber |  cucumber |  cucumber |  cucumber |  cucumber
AUST STRAWBERRY,strawberry |  strawberry |  strawberry |  strawberry |  strawberry
CARROT,"carrot |  carrot |  carrot, cooked |  carrot, raw |  carrot, raw"
SAPORITO BALSAMICO VINEGAR,"vinegar, balsamic |  vinegar |  vinegar |  salad dressing, oil and vinegar |  vinegar, cider"
Tumeric Powder ' Superior',"turmeric, powder"
Cashew Nut Butter,"cashew nut |  cashew nuts, dry roasted | roasted cashew, natural"
Artline stamp pads refill ink 50ml blue,Stamp Pad
PaperOne 80gsm A4,A4 Paper
[Catering: Plastic Bag] (XL) CLEAR CARRIER (10),LDPE plastic bag |  HDPE plastic bag |  Reusable Bag
Instant Oats,"oat |  oat meal |  oat, raw |  oat bran"
ONION LARGE PEELED (NP),"onion, peeled |  red onion"
"Cling Wrap Small: CF126 12"" x 300m",cling wrap |  PE plastic cling film
Country Style Pumpkin Soup,"pumpkin soup |  soup, pumpkin, prepacked, to be reheated |  pumpkin, cooked |  soup, pumpkin, dehydrated and reconstituted"
Creamy Tomato Soup,"tomato soup |  soup, tomato, ready to eat |  soup, tomatoes, prepacked, to be reheated"
"[TA Spoon] 7"" BIOCORN SPOON (100*20) DLS-04 - CARTON","Spoon, cornstarch, biodegradable"
GFP Organic White Quinoa (bolivia),"white quinoa, organic |  quinoa |  quinoa |  quinoa"
"[Yogurt Cup] 9OZ PLASTIC CLEAR PET CUP 1,000 PCS/CS(LID : FL92)","PET plastic bowl, large |  yoghurt, natural, plastic cup, paper coated |  yoghurt (organic), natural, plastic cup, paper coated"
Mini Burger Bun,burger buns
Oat Milk,"oat milk cream |  milk substitute, oat drink |  oat milk organic (original) |  oat milk + calcium |  oat"
Honeydew,"melon, honeydew, raw |  melon, honeydew, pulp, raw"
KIWI,kiwi fruit |  kiwi fruit |  kiwi fruit |  kiwi fruit |  kiwi fruit
RED APPLE,apple |  apple |  apple |  apple |  apple
F/Squeezed Lime Juice,"lime juice |  lime | lime, raw"
"[Kitchen Use] Cling Wrap Large: CF128 18"" x 300m",cling wrap | PE plastic cling film
SANI FREE (Hand sanitiser),Hand sanitiser
Scotch tape dispenser,Tape Dispenser
SEA SALT FLAKE - MALDON SEA SALT,"sea salt, grey, no enrichment | salt, table"
Black Pepper POWDER,"black pepper, powder |  black pepper |  black pepper |  black pepper |  black pepper"
HAMI MELON,"melon |  melon (g) |  melon, honeydew, raw |  cantaloupe (melon), whole fruit |  cantaloupe (melon), whole fruit"
Frozen Avocado Slices,"avocado, raw |  avocado |  avocado |  avocado |  avocado"
"KALE, CURLY","curly kale, raw |  curly kale, cooked |  kale, fresh |  kale, in glass jar |  kale, hydroponic"
Spinach  (per kg),spinach |  spinach |  spinach |  spinach |  spinach
Cashew with Honey Sesame,cashew nut |  sesame seed |  sesame seed |  honey |  honey
MANGO,mango |  mango |  mango |  mango |  mango
FRENCH BEAN,"french beans |  french bean, cooked |  french bean, raw |  french bean, puree |  french bean, frozen, cooked"
Organic Toasted Coconut Flakes,coconut |  coconut |  coconut |  coconut |  coconut
"BLACK GARBAGE BAGS 36""X48""",Trash Bag |  Reusable Bag |  HDPE plastic bag |  LDPE plastic bag |  Recycle Bag
"Good Morning Towels, Good Quality",Towel
BLACK PEPPER WHOLE,black pepper |  black pepper |  black pepper |  black pepper |  black pepper
"A1 TRANSPARENT PLASTIC BAGS - 7""X10""",HDPE plastic bag |  Reusable Bag |  LDPE plastic bag | Trash Bag
Nutella Chocolate Spread,"nutella, nut cream |  nutella |  chocolate confectionery, filled with nuts and/or praline |  chocolate spread with hazelnuts"
"KALE, TOSCANO","kale, fresh |  kale, hydroponic |  kale, raw |  kale, in glass jar |  curly kale, raw"
Black Bean,"black beans |  black beans, brined"
La Costenta - Whole Black Beans,"black beans |  black beans, brined"
La Costena Black Beans,"black beans |  black beans, brined"
CAULIFLOWER,"cauliflower |  cauliflower |  cauliflower, cooked |  cauliflower, raw |  cauliflower, all varieties, raw"
Sapporito Parsley Shredded,"parsley, dried |  parsley root, raw |  parsley, raw |  parsley, fresh"
Frozen Whole Raspberry,"raspberry, frozen |  raspberry, frozen, raw |  raspberry |  raspberry |  raspberry"
[ NON FOOD ] INSTANT HAND SANITIZER GEL ( Nexa ),Hand sanitiser
Stabilo Liner 308 Red 0.7mm,Staedtler Triplus Fineliner 334 - Extra Fine - 0.3 Mm - Red - 1/BX
Forest Feast Salted Dark Chocolate Almonds,almond covered with chocolate |  almond |  almond |  almond |  almond
[HEY-RAW] Sous Vide Chicken,"chicken, meat, raw |  chicken, sous vide |  chicken, meat and skin, raw"
[Hey-Chill] Pumpkin Wedges,"pumpkin |  pumpkin |  pumpkin, raw |  pumpkin, raw |  pumpkin, cooked"
Mushroom King,"portobello mushroom |  mushroom, raw |  oyster mushroom |  mushroom burger |  mushroom, canned"
"[Kitchen Use: Plastic Bag 7' x 10'] THIN PACK 7"" x 10""","Reusable Bag |  Kitchen roll, 1-ply virgin pulp | HDPE plastic bag"
"BLACK GARBAGE BAGS - M 30""X34""",Trash Bag |  Reusable Bag |  HDPE plastic bag |  LDPE plastic bag |  Recycle Bag
CRANBERRY SAUCE WITH WHOLE BERRIES,cranberry |  cranberry |  cranberry |  cranberry |  cranberry
Multi Purpose Cleaner: ECO-CLEAN ELITE 257,Multipurpose cleaner |  Floor cleaner
King Oyster mushroom,"oyster mushroom |  portobello mushroom |  mushroom, raw"
[FROZEN] Sweet Potato Fries Regular Cut - Lambweston,"sweet potato, raw |  sweet potato, cooked"
Sapporito Sweet Paprika 120 Asta Powder,paprika